INSERT INTO articles (user_id, title, content, release_flg, created_at, created_by, delete_flg)
VALUES
('1', 'testTitle1', 'content1', '0', '2025-01-01 00:00:00.00000', '1', '0'),
('2', 'testTitle2', 'content2', '0', '2025-01-05 00:00:00.00000', '2', '0'),
('3', 'testTitle3', 'content3', '0', '2025-01-02 00:00:00.00000', '3', '0'),
('4', 'testTitle4', 'content4', '0', '2025-01-04 00:00:00.00000', '4', '0'),
('5', 'testTitle5', 'content5', '0', '2025-01-04 00:00:00.00000', '5', '0'),
('6', 'testTitle6', 'content6', '0', '2025-01-04 12:10:10.00000', '6', '0'),
('7', 'testTitle7', 'content7', '0', '2025-01-03 00:00:00.00000', '7', '0'),
('8', 'testTitle8', 'content8', '0', '2025-01-03 00:00:00.00000', '8', '0'),
('9', 'testTitle9', 'content9', '0', '2025-01-03 00:00:00.00000', '9', '0')
;

INSERT INTO tags (tag_id, tagname, created_by, created_at, delete_flg)
VALUES
('1', 'tagTestName1', '1', '2025-01-01 00:00:00.00000', '0'),
('2', 'tagTestName2', '2', '2025-01-05 00:00:00.00000', '0'),
('3', 'tagTestName3', '3', '2025-01-02 00:00:00.00000', '0'),
('4', 'tagTestName4', '4', '2025-01-04 00:00:00.00000', '0'),
('5', 'tagTestName5', '5', '2025-01-04 00:00:00.00000', '0'),
('6', 'tagTestName6', '6', '2025-01-04 12:10:10.00000', '0'),
('7', 'tagTestName7', '7', '2025-01-03 00:00:00.00000', '0'),
('8', 'tagTestName8', '8', '2025-01-03 00:00:00.00000', '0'),
('9', 'tagTestName9', '9', '2025-01-03 00:00:00.00000', '0')
;

INSERT INTO users (id, name, email, role, created_by, created_at, delete_flg)
VALUES
('1', 'userName1', 'email@example.com1', 'USER', '1', '2025-01-01 00:00:00.00000', '0'),
('2', 'userName2', 'email@example.com2', 'USER', '2', '2025-01-02 00:00:00.00000', '0'),
('3', 'userName3', 'email@example.com3', 'USER', '3', '2025-01-03 00:00:00.00000', '0'),
('4', 'userName4', 'email@example.com4', 'USER', '4', '2025-01-04 00:00:00.00000', '0'),
('5', 'userName5', 'email@example.com5', 'USER', '5', '2025-01-05 00:00:00.00000', '0'),
('6', 'userName6', 'email@example.com6', 'USER', '6', '2025-01-06 00:00:00.00000', '0'),
('7', 'userName7', 'email@example.com7', 'USER', '7', '2025-01-07 00:00:00.00000', '0'),
('8', 'userName8', 'email@example.com8', 'USER', '8', '2025-01-08 00:00:00.00000', '0'),
('9', 'userName9', 'email@example.com9', 'ADMIN', '9', '2025-01-09 00:00:00.00000', '0')
;

INSERT INTO articles_tags (tag_id, article_id, created_at)
VALUES
('1', '9', '2025-01-01 00:00:00.00000'),
('2', '8', '2025-02-01 00:00:00.00000'),
('3', '7', '2025-03-01 00:00:00.00000'),
('4', '6', '2025-04-01 00:00:00.00000'),
('5', '5', '2025-05-01 00:00:00.00000'),
('6', '4', '2025-06-01 00:00:00.00000'),
('7', '3', '2025-07-01 00:00:00.00000'),
('8', '2', '2025-08-01 00:00:00.00000'),
('9', '1', '2025-09-01 00:00:00.00000')
;

